date,city,rainfall_mm,drainage_score,population_density,water_contamination,sanitation_coverage,temperature_c,humidity_percent,historical_outbreaks,risk_score,outbreak_prediction,predicted_disease,risk_category,latitude,longitude
2026-01-29,Mumbai,74.9,5,42194,18.3,82.4,34.0,64.5,2,0.504,0,,Medium,11.571670448048518,86.87576571551674
2026-01-06,Mumbai,11.3,4,24769,93.9,20.1,39.9,74.0,4,0.652,1,Cholera,High,23.296322368059485,72.04532195890921
2026-01-15,Mumbai,58.4,3,46606,38.2,98.7,32.0,87.3,4,0.415,0,,Medium,31.72213843133333,96.00332895916222
2026-01-29,Mumbai,161.7,1,22159,1.6,38.5,28.6,77.6,2,0.358,0,,Medium,12.55590219470156,89.90548089921192
2026-01-17,Mumbai,85.0,2,42065,56.8,22.5,37.6,64.7,3,0.513,0,,Medium,16.163519220145886,84.54287525775658
2026-01-24,Mumbai,104.2,5,26243,38.9,41.7,37.4,59.6,3,0.625,0,,High,15.40683764260206,72.79274123282707
2026-01-06,Mumbai,3.1,1,44504,77.2,35.9,25.1,84.9,2,0.422,0,,Medium,9.85111629335226,78.3955061277839
2026-01-25,Mumbai,23.2,1,19039,62.3,46.5,26.0,57.1,4,0.335,0,,Medium,14.868044824751603,84.27605934958333
2026-01-14,Mumbai,76.6,3,5206,76.1,64.9,36.6,67.2,1,0.672,1,Cholera,High,8.785729642168356,86.45590192664963
2026-01-14,Mumbai,62.9,4,38827,90.8,39.9,31.2,81.6,4,0.894,1,Diarrhea,Critical,12.030532181350113,94.9612319179346
2026-01-10,Mumbai,161.6,1,47941,10.5,56.5,28.3,62.9,2,0.364,0,,Medium,30.40228249808733,77.22210077418406
2026-01-28,Mumbai,22.0,1,26959,64.8,20.0,30.3,56.8,2,0.388,0,,Medium,25.31090082225676,75.81295768015713
2026-01-26,Mumbai,48.8,3,44353,32.3,61.5,35.5,60.0,3,0.542,0,,Medium,20.43121264730964,76.72547098468632
2026-01-03,Mumbai,57.0,1,43623,26.7,98.1,31.2,41.8,0,0.212,0,,Low,11.622371802280576,82.19413004804933
2026-01-11,Mumbai,197.1,4,45772,8.1,49.6,28.6,84.2,3,0.61,0,,High,21.39436710186896,70.61840333157784
2026-01-14,Mumbai,167.1,4,11546,50.8,75.7,37.9,57.9,1,0.588,0,,Medium,16.716649682293234,70.7891199816512
2026-01-17,Mumbai,188.1,2,26918,83.8,74.1,36.0,51.5,1,0.751,1,Hepatitis A,High,28.4305550050304,84.10082353638441
2026-01-17,Mumbai,105.9,2,12158,99.6,97.2,33.4,88.5,0,0.679,1,Diarrhea,High,29.166528555957647,92.83340446446468
2026-01-04,Mumbai,80.9,1,7557,64.2,26.7,27.4,89.4,0,0.448,0,,Medium,15.098024368436644,76.85555194998742
2026-01-25,Mumbai,97.1,3,30876,65.2,37.9,35.7,53.0,3,0.562,0,,Medium,29.23058526235445,87.07077387670995
2026-01-06,Mumbai,113.7,4,8436,50.9,70.9,28.8,72.4,2,0.553,0,,Medium,18.859859137760715,78.15227382314559
2026-01-03,Mumbai,129.0,1,49080,19.5,77.8,29.2,41.3,0,0.302,0,,Medium,31.848214425064683,94.531067316393
2026-01-04,Mumbai,74.0,1,5699,95.3,46.5,33.3,71.5,0,0.611,0,,High,17.62744321504813,92.68296347398883
2026-01-11,Mumbai,63.4,2,41631,55.7,94.9,35.4,71.4,1,0.386,0,,Medium,16.966169532404095,75.37074582302242
2026-01-08,Mumbai,59.1,2,10801,74.1,75.8,35.5,59.8,1,0.414,0,,Medium,23.28784277164201,70.36623123160697
2026-01-05,Mumbai,1.0,4,30547,79.8,72.0,35.5,83.8,2,0.544,0,,Medium,22.471622387688967,80.71574956752453
2026-01-11,Mumbai,134.4,3,36024,46.6,63.4,29.3,72.5,3,0.701,1,Diarrhea,High,21.427060679916387,77.47288601208518
2026-01-13,Mumbai,165.6,4,37093,21.6,69.8,26.3,42.8,2,0.532,0,,Medium,11.318635556074245,96.1165691463106
2026-01-10,Mumbai,142.9,3,30316,79.5,41.7,31.6,44.3,1,0.629,0,,High,18.707861873502694,87.96649712219562
2026-01-28,Mumbai,11.6,2,8343,15.6,40.0,33.2,79.3,4,0.291,0,,Low,23.293018655858805,80.16840181040591
2026-01-07,Mumbai,49.5,3,18296,75.8,21.2,26.7,42.5,3,0.706,1,Hepatitis A,High,27.08411057509777,91.4004763344726
2026-01-07,Mumbai,69.3,5,45158,39.9,69.3,34.5,42.5,1,0.553,0,,Medium,20.52599709788148,83.64194600360182
2026-02-01,Mumbai,136.8,2,11833,2.7,66.9,39.1,71.7,2,0.339,0,,Medium,28.280104418400075,91.7985447965747
2026-01-15,Mumbai,125.2,1,43494,96.1,92.4,27.9,43.8,1,0.603,0,,High,25.075169335408923,70.06447080534664
2026-01-22,Mumbai,63.8,2,22209,68.2,47.2,28.9,67.3,4,0.465,0,,Medium,29.93680033817632,89.31706027031268
2026-01-26,Mumbai,160.7,1,22506,54.8,53.9,33.5,71.7,3,0.461,0,,Medium,22.513600308597745,93.14638160908194
2026-01-11,Mumbai,112.4,4,49912,42.9,80.1,36.3,45.7,3,0.533,0,,Medium,15.440879362732773,70.89956172769404
2026-01-12,Mumbai,10.7,5,37307,90.5,27.3,29.8,92.3,2,0.726,1,Hepatitis A,High,10.292603681462026,85.47078685113246
2026-01-07,Mumbai,110.7,5,26545,75.2,83.3,36.8,45.0,1,0.839,1,Diarrhea,Critical,19.038262534334425,93.7434212999907
2026-01-15,Mumbai,70.2,2,49261,96.9,75.0,37.6,87.7,4,0.714,1,Cholera,High,30.297422719419416,72.25153982906873
2026-01-29,Mumbai,102.7,3,45262,58.1,89.1,38.2,53.0,0,0.488,0,,Medium,17.406489638272895,70.42152078426139
2026-01-13,Mumbai,155.4,3,26233,24.9,46.4,31.5,54.0,3,0.503,0,,Medium,10.970447906701798,71.40826115653604
2026-01-27,Mumbai,129.8,1,28960,68.1,39.0,31.0,66.3,0,0.633,0,,High,28.052731225668357,96.35911939387384
2026-01-18,Mumbai,111.2,5,35354,4.3,94.0,38.8,53.9,3,0.611,0,,High,23.73496595338156,88.1767119805539
2026-01-25,Mumbai,90.9,5,39121,69.7,50.7,36.1,90.3,3,0.934,1,Cholera,Critical,12.24199759738914,86.758602488393
2026-01-20,Mumbai,77.7,4,45080,58.4,26.2,39.6,94.2,0,0.661,1,Hepatitis A,High,25.118279313846983,72.71589124100184
2026-01-10,Mumbai,182.2,5,5009,94.1,53.3,33.7,90.6,1,0.833,1,Cholera,Critical,18.281377914634227,90.55046622832154
2026-01-24,Mumbai,96.1,1,26168,37.7,80.0,30.9,85.6,4,0.432,0,,Medium,18.37048755844163,75.92880508599048
2026-01-23,Mumbai,11.3,4,28524,81.3,100.0,39.9,70.5,4,0.501,0,,Medium,17.44626373189466,74.99146013755933
2026-01-25,Mumbai,41.0,1,47783,95.4,68.5,28.4,76.9,1,0.452,0,,Medium,8.55461855075754,82.44679041273089
2026-01-17,Delhi,95.2,3,29285,52.0,88.2,33.3,70.9,2,0.468,0,,Medium,20.00114917546188,80.19553758128717
2026-01-18,Delhi,156.9,2,47289,80.5,92.3,34.3,93.9,1,0.574,0,,Medium,18.936873050593228,94.2206021403187
2026-01-16,Delhi,69.7,1,42660,78.4,51.7,34.3,87.4,3,0.468,0,,Medium,20.302907326988453,75.48908726066979
2026-01-17,Delhi,91.8,2,11254,62.1,47.8,28.1,71.9,0,0.471,0,,Medium,11.797567337807358,72.02598800683289
2026-01-12,Delhi,128.2,4,15161,34.6,91.7,32.1,76.7,4,0.658,1,Diarrhea,High,12.223376576804114,76.0791198319268
2026-01-24,Delhi,35.4,5,47928,54.9,62.8,30.3,89.2,1,0.616,0,,High,10.307264655718653,81.9532164276325
2026-01-09,Delhi,137.6,3,19178,92.1,24.9,29.2,84.3,4,0.709,1,Diarrhea,High,20.11307462977553,85.92938837437859
2026-01-20,Delhi,73.8,2,23030,74.7,22.9,28.8,79.2,2,0.541,0,,Medium,29.68037452686808,78.27025345300063
2026-01-08,Delhi,79.4,1,11229,73.7,34.6,33.5,86.2,1,0.459,0,,Medium,30.26318201849737,85.21418115306741
2026-01-23,Delhi,135.8,3,17910,64.9,58.4,33.8,80.5,0,0.584,0,,Medium,15.094397644968112,78.52938659556042
2026-01-10,Delhi,129.2,2,32285,24.4,59.9,30.0,91.4,4,0.568,0,,Medium,20.195245020218447,92.67370801724825
2026-01-22,Delhi,17.6,1,43110,8.0,62.0,31.2,94.0,1,0.232,0,,Low,29.637678147349508,91.69509005752911
2026-01-11,Delhi,51.6,3,27700,82.1,77.5,33.0,66.2,3,0.662,1,Typhoid,High,25.773811970918707,73.78570089281128
2026-01-30,Delhi,147.2,4,25618,11.5,68.8,29.3,72.0,3,0.508,0,,Medium,9.295588420560671,77.7615240676237
2026-01-09,Delhi,26.9,2,48336,99.0,45.8,37.1,54.0,0,0.677,1,Diarrhea,High,23.152547026395965,91.0343940490274
2026-02-01,Delhi,21.3,5,10256,83.1,97.2,26.9,80.2,1,0.746,1,Diarrhea,High,26.52801623225148,84.65972028221745
2026-01-29,Delhi,168.4,3,24282,79.5,36.1,27.5,49.0,2,0.661,1,Typhoid,High,15.904914557412363,85.06089359805665
2026-01-31,Delhi,136.6,3,7192,62.4,63.2,31.6,71.8,0,0.552,0,,Medium,21.58882152784972,94.28769121797184
2026-01-03,Delhi,124.8,3,20374,43.2,46.6,36.0,78.2,4,0.536,0,,Medium,30.34731457627394,90.8693191255114
2026-02-01,Delhi,30.3,1,37265,70.7,82.3,27.1,51.2,4,0.322,0,,Medium,10.572900768603626,83.55795919305325
2026-01-31,Delhi,75.8,5,19382,12.7,51.8,37.0,48.2,3,0.498,0,,Medium,8.305076807951114,85.35483833495158
2026-01-21,Delhi,113.1,2,15789,25.2,47.7,27.7,90.0,1,0.423,0,,Medium,30.79631022107412,72.03436963014879
2026-01-07,Delhi,20.2,1,43727,1.8,89.8,39.0,71.1,1,0.155,0,,Low,9.72303848418047,70.24231089917483
2026-01-08,Delhi,20.8,1,6645,92.6,56.1,26.7,94.2,3,0.545,0,,Medium,16.303660316373474,77.03188365732359
2026-01-08,Delhi,45.5,5,37409,37.9,79.5,28.1,83.3,0,0.704,1,Hepatitis A,High,29.587953515323925,94.76584672215606
2026-01-27,Delhi,93.1,3,18490,73.8,56.2,28.4,64.9,0,0.552,0,,Medium,8.846979006164874,77.03272196284996
2026-01-11,Delhi,156.1,3,24816,63.2,21.0,35.0,49.8,0,0.632,0,,High,10.133741701966096,96.90935330353248
2026-01-04,Delhi,100.4,1,32965,31.0,51.8,31.4,84.0,4,0.367,0,,Medium,19.80167362774998,84.38039286461589
2026-02-01,Delhi,13.1,3,43565,45.3,62.0,31.6,62.0,2,0.538,0,,Medium,16.359070282762055,70.18959755031278
2026-01-25,Delhi,150.6,2,45411,27.1,71.5,31.1,41.4,1,0.41,0,,Medium,8.677399812587087,74.43719269605553
2026-01-25,Delhi,46.2,3,44986,50.6,67.6,30.1,71.3,0,0.462,0,,Medium,10.48603481898363,75.05199353898416
2026-02-01,Delhi,144.5,3,5822,96.3,95.6,27.1,62.4,1,0.76,1,Diarrhea,High,13.197156378650682,68.76943391234077
2026-01-30,Delhi,36.3,4,24978,64.3,76.3,38.7,74.4,1,0.519,0,,Medium,22.757373562870196,75.7738455838634
2026-01-09,Delhi,124.8,1,34975,43.6,43.6,39.2,82.0,0,0.435,0,,Medium,32.63418280604337,81.66089812812062
2026-01-07,Delhi,36.4,2,28752,2.2,41.5,33.1,74.8,2,0.296,0,,Low,21.142254557567146,72.9786992896008
2026-01-27,Delhi,54.5,3,31657,82.3,62.4,37.2,67.4,0,0.541,0,,Medium,28.74354509268004,73.98621688105749
2026-01-07,Delhi,2.2,5,13646,26.4,41.3,36.0,53.8,1,0.474,0,,Medium,18.109537538725608,90.35642993486384
2026-01-25,Delhi,84.4,2,18081,16.6,79.0,26.2,73.2,4,0.311,0,,Medium,18.929834908931088,94.54989664146552
2026-01-13,Delhi,144.3,3,28863,94.9,51.7,39.3,47.4,0,0.852,1,Diarrhea,Critical,12.050346947289617,92.40436014899126
2026-01-04,Delhi,169.3,3,20048,59.7,46.7,36.6,45.9,0,0.589,0,,Medium,25.210059910693403,80.60999281950865
2026-01-06,Delhi,49.3,3,28051,7.8,20.2,39.5,40.3,2,0.382,0,,Medium,30.93283938655607,71.96774029664988
2026-01-27,Delhi,190.0,1,16344,18.5,63.4,38.1,80.3,4,0.388,0,,Medium,32.514420004499705,94.19755056644472
2026-01-11,Delhi,129.3,3,9806,98.8,95.5,25.6,78.8,0,0.776,1,Cholera,High,30.887207439701047,68.98443337898817
2026-01-15,Delhi,139.5,1,41062,19.3,29.2,31.3,83.7,3,0.419,0,,Medium,21.060864401779224,86.69185286814884
2026-01-09,Delhi,130.0,3,36705,56.1,58.5,38.3,69.2,3,0.563,0,,Medium,21.48728230938343,90.93097178032994
2026-01-20,Delhi,63.8,2,5545,52.0,54.1,38.1,63.0,2,0.394,0,,Medium,17.599097247993143,95.04510737333231
2026-01-23,Delhi,14.0,4,38039,5.3,27.1,25.6,66.4,3,0.428,0,,Medium,10.292483377785754,77.75474345102424
2026-02-01,Delhi,104.5,1,37913,23.9,28.8,30.3,55.8,4,0.474,0,,Medium,30.75847755143836,69.30791963938937
2026-01-09,Delhi,21.9,1,46898,68.0,37.5,39.2,83.2,3,0.416,0,,Medium,30.10497445328757,85.42315494682374
2026-01-19,Delhi,180.7,2,20934,16.7,99.3,28.5,91.9,4,0.399,0,,Medium,13.766745292943966,73.11931292815974
2026-01-13,Chennai,44.1,1,5726,95.7,86.1,37.0,74.6,0,0.385,0,,Medium,32.872695566160886,73.04296222736514
2026-01-24,Chennai,79.2,2,12287,49.1,99.7,38.5,65.5,4,0.343,0,,Medium,30.373036030696,92.9436776761198
2026-01-08,Chennai,91.5,3,33841,27.3,58.1,25.7,86.9,0,0.468,0,,Medium,21.77143426522848,70.5226160374309
2026-01-15,Chennai,81.7,3,8020,72.3,59.7,26.2,52.1,3,0.661,1,Cholera,High,20.37866317534936,81.9370107424728
2026-01-05,Chennai,118.5,2,39080,57.1,73.0,33.2,87.5,2,0.491,0,,Medium,29.264543227356047,93.15153182783428
2026-01-07,Chennai,141.7,3,27534,23.9,94.4,26.6,78.4,4,0.441,0,,Medium,19.63675021924959,93.4930729266158
2026-01-20,Chennai,1.0,3,31588,22.9,92.7,25.0,70.6,3,0.385,0,,Medium,23.423172959393558,96.45439916279528
2026-01-31,Chennai,126.4,2,49486,63.4,63.2,36.7,45.9,1,0.498,0,,Medium,16.54680415096715,86.34603490088449
2026-01-11,Chennai,186.4,5,19859,78.9,33.9,36.6,92.1,0,0.845,1,Cholera,Critical,23.522887944186927,69.32651898056287
2026-01-07,Chennai,174.3,5,49064,44.6,71.8,33.9,61.1,2,0.895,1,Diarrhea,Critical,11.973457081918912,81.58764308628895
2026-01-13,Chennai,188.9,3,28411,45.1,33.1,36.9,78.2,1,0.634,0,,High,24.36278035702838,75.92452628294807
2026-01-06,Chennai,190.2,4,39450,3.1,78.5,38.6,87.2,0,0.544,0,,Medium,18.233350157876075,93.9288769066949
2026-01-19,Chennai,46.0,5,28019,20.0,89.4,35.7,71.0,2,0.461,0,,Medium,13.092531231906854,70.64377022177956
2026-01-13,Chennai,30.7,3,46652,84.5,80.9,34.4,47.2,3,0.489,0,,Medium,27.913432274404407,81.96414819386395
2026-01-09,Chennai,23.5,1,10109,60.7,39.8,33.4,52.4,4,0.427,0,,Medium,18.831168724291388,96.5461908146842
2026-02-01,Chennai,29.9,5,31143,7.2,51.4,32.2,73.0,2,0.475,0,,Medium,31.816215950967926,94.32674093655456
2026-01-23,Chennai,144.9,3,13783,10.5,39.4,39.8,47.8,3,0.449,0,,Medium,27.3951183948239,95.2958876227392
2026-01-15,Chennai,14.5,1,48201,8.8,48.1,25.5,44.3,1,0.207,0,,Low,28.536018200246662,69.19432136309888
2026-01-25,Chennai,134.1,3,31015,12.4,91.7,33.9,73.9,0,0.408,0,,Medium,31.683761565775967,86.13383514620449
2026-01-24,Chennai,156.7,3,21405,48.4,72.9,33.3,72.9,1,0.538,0,,Medium,12.09998702473743,80.71960927819661
2026-01-04,Chennai,145.0,4,25022,24.7,32.8,38.1,52.1,3,0.572,0,,Medium,27.742462678561974,87.1025254895254
2026-01-14,Chennai,99.6,2,30658,2.1,72.3,30.0,69.8,2,0.402,0,,Medium,25.005706060782284,70.0937538603961
2026-01-05,Chennai,6.1,1,39839,84.0,33.9,39.4,62.9,3,0.418,0,,Medium,17.27596907461507,96.64183734834567
2026-01-29,Chennai,8.0,1,17003,51.4,67.0,25.4,61.8,1,0.265,0,,Low,18.543023171836385,76.0280061198165
2026-01-17,Chennai,118.5,5,32490,21.1,69.8,34.5,80.3,1,0.579,0,,Medium,23.04638459155021,86.34367546356287
2026-01-09,Chennai,74.6,2,35523,18.1,88.4,32.4,53.6,4,0.289,0,,Low,22.48537248358752,87.2160170912413
2026-01-09,Chennai,19.1,1,48006,39.1,97.6,28.9,76.1,0,0.245,0,,Low,17.91649440858905,74.87380785614175
2026-01-25,Chennai,46.9,2,24816,7.3,33.6,32.8,58.5,0,0.311,0,,Medium,23.42862466510075,88.49653928967793
2026-01-09,Chennai,33.4,4,31928,37.9,68.4,30.4,69.3,0,0.464,0,,Medium,22.6338591099188,93.1798671348845
2026-01-30,Chennai,41.2,5,5281,3.4,98.9,26.8,52.7,4,0.359,0,,Medium,19.30497570708588,95.08237550830924
2026-01-08,Chennai,63.2,1,43138,58.5,75.1,31.0,66.4,2,0.463,0,,Medium,23.97799844538751,93.16963054108064
2026-01-23,Chennai,90.9,3,37556,48.9,73.3,27.1,41.6,3,0.457,0,,Medium,26.322472958533545,72.7090749452073
2026-01-03,Chennai,37.7,5,43006,44.4,89.5,27.7,78.1,1,0.536,0,,Medium,20.42936910021068,85.9175699658352
2026-01-24,Chennai,173.8,1,36890,3.0,94.5,35.3,77.2,4,0.304,0,,Medium,10.664825757699768,87.07751383348804
2026-01-31,Chennai,199.9,1,24614,86.6,99.5,36.3,45.0,0,0.633,0,,High,18.103508041275823,77.48396168533392
2026-02-01,Chennai,133.5,2,6367,76.2,83.8,31.5,85.0,0,0.502,0,,Medium,17.161538371784946,79.48900805666841
2026-01-25,Chennai,139.1,4,19437,54.8,67.7,33.2,64.4,1,0.596,0,,Medium,24.705319963875407,85.96522003427881
2026-01-31,Chennai,92.7,3,6177,54.2,96.1,37.7,90.3,0,0.456,0,,Medium,21.165594931723987,75.13602010514195
2026-01-12,Chennai,95.3,3,29596,76.5,85.0,35.8,92.6,2,0.723,1,Diarrhea,High,30.450763723749677,75.06098660071268
2026-01-04,Chennai,185.4,4,12151,93.4,48.1,26.5,66.7,4,0.992,1,Diarrhea,Critical,28.075647445816585,83.63567702358237
2026-01-23,Chennai,62.3,4,25829,71.8,52.0,39.7,85.3,2,0.796,1,Hepatitis A,High,27.99452738560054,73.35296875657396
2026-01-20,Chennai,59.1,1,39566,56.7,40.5,39.4,66.6,0,0.396,0,,Medium,23.82878438985056,95.59069692399304
2026-01-09,Chennai,120.3,5,15617,88.4,38.2,28.2,73.6,0,0.773,1,Hepatitis A,High,16.83553448256795,74.86924621025997
2026-01-15,Chennai,156.1,2,42778,73.2,88.1,35.1,84.5,3,0.711,1,Diarrhea,High,11.824595020714067,74.82183195925757
2026-01-19,Chennai,173.9,1,38755,21.7,27.7,25.4,75.3,2,0.586,0,,Medium,23.80038715051046,69.69518380914806
2026-01-05,Chennai,28.4,3,37496,59.7,74.1,31.6,64.5,2,0.444,0,,Medium,28.46767642798082,85.49336289618779
2026-01-26,Chennai,67.4,5,36367,7.9,26.9,38.4,50.6,0,0.694,1,Cholera,High,9.735596068652336,83.05273393633985
2026-01-30,Chennai,13.5,5,13258,7.0,71.2,29.1,72.6,3,0.41,0,,Medium,12.758121570476696,69.51782739780874
2026-01-04,Chennai,75.7,1,35137,99.5,55.7,30.0,71.9,3,0.498,0,,Medium,25.250122270516645,73.82707697111263
2026-01-25,Chennai,107.2,1,15754,82.2,20.1,29.5,94.0,4,0.705,1,Diarrhea,High,8.500658898145613,89.37822652521005
2026-01-21,Kolkata,153.7,1,31342,84.2,61.7,34.4,44.9,0,0.498,0,,Medium,27.550702191759648,88.55359623454632
2026-01-03,Kolkata,7.2,1,23880,22.7,47.3,30.7,59.0,2,0.226,0,,Low,19.18006351262089,85.4172356674579
2026-01-20,Kolkata,103.1,3,41875,78.6,66.0,33.5,61.5,0,0.753,1,Typhoid,High,17.515582336914502,93.461255292907
2026-01-19,Kolkata,173.6,3,11721,79.0,44.4,26.2,62.2,2,0.653,1,Typhoid,High,32.39025502149787,86.58819024301462
2026-01-30,Kolkata,164.5,1,36055,47.9,45.1,34.1,47.7,4,0.45,0,,Medium,17.966575694307828,72.24484577270522
2026-01-19,Kolkata,73.5,5,12967,2.6,30.8,39.4,70.2,3,0.517,0,,Medium,29.902629814951062,76.05482608872857
2026-01-31,Kolkata,170.3,5,18828,1.8,68.2,30.5,61.3,2,0.718,1,Cholera,High,20.115039675471618,89.87335278597203
2026-01-17,Kolkata,123.9,1,33141,43.0,33.7,26.1,83.0,2,0.581,0,,Medium,9.557294953251567,82.7732417163439
2026-01-13,Kolkata,199.3,1,42285,23.3,37.7,27.6,76.1,1,0.61,0,,High,18.11996072713,86.96819806578794
2026-01-27,Kolkata,70.8,3,9481,41.4,86.2,36.0,82.3,2,0.412,0,,Medium,14.495330218625856,90.04840487054192
2026-01-29,Kolkata,27.4,5,40153,21.5,21.0,28.6,93.7,4,0.584,0,,Medium,17.285214191253516,75.7096829629751
2026-01-24,Kolkata,129.2,5,42487,84.4,27.8,32.3,48.3,3,0.789,1,Diarrhea,High,23.3520327796184,92.92739171776142
2026-01-04,Kolkata,78.5,2,44040,89.2,96.4,36.8,57.3,1,0.471,0,,Medium,14.98419284836791,94.97924766029688
2026-01-20,Kolkata,50.6,5,28472,82.5,59.6,30.8,64.8,0,0.859,1,Hepatitis A,Critical,11.75422502042604,89.38557929292308
2026-01-13,Kolkata,102.4,5,33082,4.8,23.0,36.2,76.2,2,0.766,1,Cholera,High,26.43770898647517,78.24429084655986
2026-01-11,Kolkata,59.3,3,32065,97.1,95.4,36.8,59.5,4,0.525,0,,Medium,27.1093165555434,75.68634642142511
2026-01-03,Kolkata,4.2,4,36182,89.9,82.6,28.4,93.7,1,0.744,1,Hepatitis A,High,14.517832497997912,70.00837488228994
2026-01-17,Kolkata,192.0,2,38548,32.2,30.0,32.1,46.3,4,0.525,0,,Medium,28.29424470225344,87.03787961261358
2026-01-03,Kolkata,25.6,1,44896,92.8,38.0,30.6,63.8,1,0.459,0,,Medium,31.207938321214424,87.60348599200431
2026-01-15,Kolkata,99.2,1,15736,64.6,42.9,37.2,87.4,3,0.449,0,,Medium,23.901769093245623,74.41083777215812
2026-01-31,Kolkata,195.7,4,28387,5.4,45.6,36.3,54.8,4,0.561,0,,Medium,11.293219336364048,89.05341738957357
2026-01-14,Kolkata,163.6,3,6376,15.1,47.4,31.2,81.7,2,0.641,0,,High,11.78923428969184,70.71895069872114
2026-02-01,Kolkata,115.4,1,27656,76.1,32.8,31.9,40.5,3,0.475,0,,Medium,14.947552431221697,73.62466215076547
2026-01-20,Kolkata,176.0,2,30498,20.4,64.4,36.0,73.9,1,0.447,0,,Medium,21.467391683575972,83.20061595105871
2026-01-14,Kolkata,169.6,2,28928,3.5,79.7,28.0,92.7,3,0.393,0,,Medium,29.04925928741772,81.63925256895179
2026-01-11,Kolkata,100.4,2,28705,36.8,55.9,35.8,88.7,4,0.439,0,,Medium,25.39045366242017,68.09332964452408
2026-01-07,Kolkata,123.9,4,41060,18.1,51.0,31.0,88.1,2,0.727,1,Hepatitis A,High,22.03711469898809,84.25914273806896
2026-01-20,Kolkata,120.7,2,8390,59.9,68.2,25.3,57.7,2,0.581,0,,Medium,26.648130220341866,96.4771065229382
2026-01-16,Kolkata,42.0,4,15720,51.7,55.2,27.2,58.1,1,0.5,0,,Medium,22.955632351593472,89.33423031293651
2026-01-07,Kolkata,199.7,4,23394,29.9,33.9,34.6,67.3,3,0.652,1,Cholera,High,22.694234021554955,73.34981134087555
2026-01-14,Kolkata,72.4,2,40525,16.5,76.0,33.8,72.3,0,0.325,0,,Medium,31.51698112788351,75.51960600710744
2026-01-07,Kolkata,85.9,3,30279,37.7,56.9,32.2,63.9,4,0.464,0,,Medium,10.015037843928116,89.11023990223919
2026-01-13,Kolkata,99.3,1,12531,78.0,20.6,25.9,52.4,3,0.478,0,,Medium,24.42387890667849,95.74182401142028
2026-01-11,Kolkata,13.8,4,13461,4.5,22.9,29.1,55.2,1,0.516,0,,Medium,18.722171971525967,92.49889365229464
2026-02-01,Kolkata,53.6,1,43328,48.8,22.7,25.9,89.9,4,0.425,0,,Medium,27.296443154540533,70.50631371211385
2026-01-12,Kolkata,47.4,3,7539,96.3,64.8,39.1,42.9,0,0.516,0,,Medium,14.413251561106197,86.97106344274816
2026-01-29,Kolkata,39.6,1,30000,46.4,97.8,34.1,59.2,0,0.323,0,,Medium,18.449748346762107,70.57636710753937
2026-01-27,Kolkata,136.8,1,49629,52.3,29.2,37.9,79.8,0,0.503,0,,Medium,13.653676289748518,92.56064311456824
2026-01-21,Kolkata,85.7,5,35575,94.6,88.0,35.0,65.4,2,0.691,1,Typhoid,High,9.55682764704714,82.86257681433962
2026-01-29,Kolkata,161.3,2,23708,97.8,83.5,32.5,58.7,3,0.575,0,,Medium,26.918787642215875,83.06218992561418
2026-01-31,Kolkata,41.0,5,11823,66.0,32.9,28.8,92.1,1,0.66,1,Cholera,High,9.6301147815123,81.45400992755765
2026-01-14,Kolkata,181.8,1,18489,39.1,83.9,30.6,64.8,2,0.387,0,,Medium,12.890231826112876,73.4149755774182
2026-01-27,Kolkata,18.8,4,26038,79.3,66.2,34.5,83.9,1,0.735,1,Hepatitis A,High,27.83153376095636,77.18608863495828
2026-01-22,Kolkata,171.4,3,28551,89.7,33.5,32.6,72.9,4,0.722,1,Hepatitis A,High,15.829049870432058,91.1592048990998
2026-01-03,Kolkata,193.6,3,30150,88.2,84.3,32.6,93.2,4,0.686,1,Cholera,High,23.866781831348536,72.81269196357776
2026-01-03,Kolkata,176.4,3,41632,16.2,21.0,33.4,69.0,3,0.571,0,,Medium,17.475678155477436,96.23026430930902
2026-01-21,Kolkata,67.4,1,35090,81.9,63.3,35.7,57.3,1,0.42,0,,Medium,15.8515198748183,75.37533745417119
2026-01-31,Kolkata,163.9,4,29765,33.5,33.9,35.7,85.4,0,0.844,1,Hepatitis A,Critical,16.698535289554165,81.06017838825697
2026-01-13,Kolkata,149.8,1,16101,43.6,66.2,36.1,84.3,2,0.41,0,,Medium,26.48236837911933,71.08396806141747
2026-01-18,Kolkata,63.0,4,41598,68.2,33.4,34.8,94.5,2,0.657,1,Cholera,High,15.632766917418282,74.16668691476178
2026-01-18,Bangalore,6.6,5,38160,40.8,80.7,38.6,52.8,2,0.622,0,,High,14.507171439150074,94.30865589046908
2026-01-19,Bangalore,134.1,3,14031,11.1,55.8,31.9,87.6,2,0.455,0,,Medium,19.97675157758378,68.52200257941124
2026-01-05,Bangalore,84.3,2,24330,96.6,30.2,35.6,93.5,1,0.611,0,,High,8.450163890011362,95.92150035514676
2026-01-03,Bangalore,145.3,3,39228,62.8,62.6,34.5,64.7,4,0.764,1,Cholera,High,9.153089108393344,84.44795261766218
2026-01-31,Bangalore,56.8,3,37762,7.4,38.1,36.0,72.9,3,0.404,0,,Medium,24.695117080660165,85.20342553311414
2026-01-28,Bangalore,178.5,5,34165,83.8,42.8,31.4,54.7,1,0.813,1,Cholera,Critical,14.307681245985163,74.38653373994214
2026-01-25,Bangalore,97.7,5,49096,9.4,92.8,35.0,85.6,4,0.517,0,,Medium,15.923664694777983,80.60328286490264
2026-01-14,Bangalore,154.8,1,47533,34.1,33.2,27.6,92.1,3,0.48,0,,Medium,13.935836709370156,82.85854954882792
2026-01-10,Bangalore,20.8,4,16190,48.8,72.2,39.3,73.0,0,0.461,0,,Medium,18.174297740856595,93.8529204530817
2026-01-16,Bangalore,0.6,5,29000,47.2,23.7,27.1,55.2,0,0.567,0,,Medium,23.56299239324363,81.62256912672983
2026-02-01,Bangalore,89.5,4,22543,20.7,61.3,25.1,40.4,2,0.45,0,,Medium,16.47151623346879,91.27498470781455
2026-01-14,Bangalore,114.4,2,9648,29.3,94.5,31.0,44.8,0,0.407,0,,Medium,29.996566934029,84.66860707366804
2026-01-25,Bangalore,5.9,3,49199,4.5,56.0,38.9,49.1,3,0.306,0,,Medium,30.690275063913877,88.70694668953884
2026-01-16,Bangalore,121.6,1,18146,82.4,96.4,37.3,40.1,4,0.391,0,,Medium,23.09488632373469,87.9111074912856
2026-01-07,Bangalore,22.9,1,18395,45.6,49.5,26.8,63.0,0,0.382,0,,Medium,16.027027427176254,89.74567216865752
2026-01-08,Bangalore,82.5,5,17497,67.9,49.0,33.9,40.6,2,0.637,0,,High,11.858039132076986,72.98360595848574
2026-01-22,Bangalore,127.6,5,18392,90.2,25.3,33.0,47.8,0,0.781,1,Diarrhea,High,20.150012344940077,84.73879671530197
2026-01-15,Bangalore,8.7,5,12461,80.8,37.3,32.0,84.9,3,0.652,1,Diarrhea,High,18.097446604253093,70.25082469721178
2026-01-25,Bangalore,108.5,2,44758,59.0,38.1,30.8,64.8,0,0.521,0,,Medium,30.24130082543916,68.35698138746619
2026-02-01,Bangalore,74.0,4,21390,39.3,62.1,32.7,49.1,3,0.633,0,,High,16.646936518446434,72.47933266947639
2026-01-17,Bangalore,5.1,4,16120,37.9,20.5,30.8,83.5,4,0.506,0,,Medium,13.447313856374752,96.65304301851216
2026-01-07,Bangalore,90.8,4,33226,16.7,97.8,28.4,93.8,2,0.586,0,,Medium,8.974900314372789,68.89771793666097
2026-01-05,Bangalore,77.6,2,7169,39.5,45.1,27.2,66.8,4,0.395,0,,Medium,15.84916793443382,93.76370649695176
2026-01-11,Bangalore,120.6,4,39704,54.5,27.1,34.1,48.3,4,0.642,0,,High,21.53519018368963,72.47020625217613
2026-01-16,Bangalore,110.7,2,14569,16.8,39.8,37.6,59.6,4,0.494,0,,Medium,20.686159152993557,87.64423232404279
2026-01-14,Bangalore,47.0,3,42772,55.8,47.8,33.7,47.7,1,0.48,0,,Medium,27.559708236502185,89.30275977052098
2026-01-11,Bangalore,60.1,1,19852,79.3,56.9,36.0,48.1,0,0.391,0,,Medium,13.69374340258024,95.9568365677999
2026-01-13,Bangalore,181.9,3,31086,35.3,56.7,25.6,81.0,3,0.744,1,Hepatitis A,High,19.669551930779697,68.999376523325
2026-01-22,Bangalore,193.9,3,12166,46.3,98.5,32.3,87.5,1,0.537,0,,Medium,13.080577277152182,90.0921475499532
2026-01-18,Bangalore,77.3,3,8802,91.9,49.0,35.9,89.2,1,0.607,0,,High,27.11319486636794,84.63233959221162
2026-01-20,Bangalore,191.2,1,19482,5.9,20.3,34.6,56.4,2,0.402,0,,Medium,32.288326059764714,74.40161916513067
2026-01-31,Bangalore,146.8,2,27313,47.7,75.0,35.8,78.1,4,0.471,0,,Medium,16.335183053977765,89.2584845059398
2026-01-08,Bangalore,105.7,3,15886,99.8,74.1,37.4,56.2,2,0.591,0,,Medium,23.82265826696085,70.00185668574764
2026-01-19,Bangalore,1.1,5,20038,82.2,84.7,38.3,78.5,0,0.578,0,,Medium,18.18857577581077,79.8060881846432
2026-01-27,Bangalore,13.2,3,7092,54.9,70.6,33.7,78.4,4,0.527,0,,Medium,15.489141948846846,70.22900018300874
2026-01-30,Bangalore,100.1,2,15350,24.2,58.3,27.2,79.1,3,0.38,0,,Medium,28.08706858242212,94.94761355532376
2026-01-14,Bangalore,81.0,3,27173,2.2,66.7,37.6,70.2,4,0.467,0,,Medium,16.945352102838722,86.78670593372533
2026-01-15,Bangalore,24.6,1,6589,72.0,89.4,31.8,85.2,3,0.312,0,,Medium,14.04829200788824,88.7046263426911
2026-01-31,Bangalore,164.5,4,17237,14.3,82.0,29.1,67.3,1,0.649,0,,High,26.04303881792948,75.87486437492603
2026-01-15,Bangalore,80.5,1,31917,0.0,60.9,25.7,55.2,0,0.294,0,,Low,19.67419999909027,77.87075164286712
2026-01-18,Bangalore,188.1,5,10793,93.1,86.1,26.9,71.1,3,0.773,1,Typhoid,High,31.574595420401064,80.24915114334487
2026-01-23,Bangalore,75.5,4,49859,67.5,29.3,25.6,71.1,2,0.659,1,Diarrhea,High,11.477896222277188,75.37271012871217
2026-01-14,Bangalore,175.1,5,14821,96.6,80.9,39.3,78.6,0,1.025,1,Diarrhea,Critical,24.1037305368979,69.3973943594056
2026-01-20,Bangalore,72.0,4,10355,86.6,58.1,26.7,74.9,0,0.811,1,Cholera,Critical,18.412610797596976,91.84321671767628
2026-01-24,Bangalore,170.1,1,15860,65.7,57.8,38.2,51.9,4,0.605,0,,High,11.415022591279316,86.89755305384102
2026-01-20,Bangalore,147.7,4,13547,97.5,24.2,35.2,65.7,4,1.003,1,Diarrhea,Critical,9.452298802008745,71.23385415731701
2026-01-23,Bangalore,103.2,4,41609,10.0,75.0,28.6,90.1,0,0.63,0,,High,8.785545537781823,89.3498123267621
2026-01-13,Bangalore,66.0,4,24643,59.5,20.8,32.0,93.0,1,0.639,0,,High,19.37297223768968,75.75032626401426
2026-01-07,Bangalore,44.0,4,35116,97.6,30.0,25.3,82.4,4,0.698,1,Diarrhea,High,13.581584637629907,86.61393880680531
2026-01-09,Bangalore,114.1,3,9426,66.3,63.9,38.2,77.2,0,0.546,0,,Medium,19.44989397508929,79.54215349568058
2026-01-07,Hyderabad,60.6,3,43011,71.0,95.0,34.0,66.0,3,0.624,0,,High,32.75522233969053,74.93560455568505
2026-01-08,Hyderabad,106.1,4,43458,54.4,97.0,26.1,60.1,1,0.699,1,Typhoid,High,23.56034103914992,90.65833381667184
2026-01-13,Hyderabad,115.7,3,13682,98.2,62.2,38.6,49.0,0,0.605,0,,High,16.433503525425586,89.02445392779752
2026-01-06,Hyderabad,107.8,1,40063,69.0,75.2,39.0,67.4,0,0.425,0,,Medium,27.02720765059689,78.27376518039036
2026-01-03,Hyderabad,189.8,5,48309,62.1,94.3,36.4,70.1,4,0.722,1,Diarrhea,High,29.599039518375253,81.95866791953428
2026-01-29,Hyderabad,179.5,4,18979,84.4,98.5,36.9,87.0,3,0.686,1,Hepatitis A,High,31.785745259045807,96.8497595250126
2026-01-29,Hyderabad,142.3,2,43870,52.3,37.5,31.9,90.6,1,0.564,0,,Medium,28.734790673962813,89.23155559844572
2026-01-29,Hyderabad,71.0,1,24596,96.0,61.7,39.7,81.7,1,0.475,0,,Medium,14.183507895477083,86.57784032291774
2026-01-05,Hyderabad,133.3,3,23852,96.0,81.1,37.8,73.2,1,0.624,0,,High,31.15485171079455,74.63162660850466
2026-01-30,Hyderabad,126.9,2,32236,32.2,87.8,35.9,45.2,2,0.475,0,,Medium,30.366069939440862,68.01284066167904
2026-01-30,Hyderabad,180.3,3,33482,95.5,59.6,32.7,66.5,3,0.916,1,Typhoid,Critical,9.442573210397471,80.88659512800392
2026-01-13,Hyderabad,55.1,1,20417,78.8,40.1,33.5,59.7,1,0.422,0,,Medium,8.687979628510382,92.3546687022204
2026-01-22,Hyderabad,150.4,5,24164,3.6,34.0,38.0,55.5,3,0.588,0,,Medium,22.083116050826167,80.39755310851524
2026-01-10,Hyderabad,65.3,3,12812,28.2,48.2,38.4,92.1,4,0.443,0,,Medium,19.90839333252747,82.42865571223696
2026-01-07,Hyderabad,40.9,5,49525,25.5,43.7,33.9,41.8,0,0.531,0,,Medium,31.519613012577697,82.7006927008932
2026-01-16,Hyderabad,81.9,3,17265,83.6,46.6,35.4,82.4,3,0.774,1,Cholera,High,21.477363818400217,76.19170036473011
2026-01-25,Hyderabad,85.0,5,30275,39.2,63.7,33.0,72.5,4,0.59,0,,Medium,13.653133281241798,76.82176286945214
2026-01-28,Hyderabad,60.8,3,25466,88.3,24.2,27.9,57.1,3,0.603,0,,High,26.97672348145939,85.67929933805016
2026-01-11,Hyderabad,179.2,5,41218,71.3,85.3,27.7,60.4,3,0.731,1,Hepatitis A,High,17.829880025698056,85.1284971858445
2026-01-23,Hyderabad,132.2,3,17541,41.4,80.3,25.3,54.8,0,0.602,0,,High,20.046686981865413,78.48959739092784
2026-01-09,Hyderabad,189.8,1,7610,13.0,64.8,36.7,79.0,3,0.362,0,,Medium,11.975625093506531,73.2256768697163
2026-01-24,Hyderabad,19.6,1,24873,12.2,30.0,37.8,59.0,2,0.311,0,,Medium,16.633548806122196,77.73270317382544
2026-01-07,Hyderabad,195.7,3,42055,11.9,81.2,35.1,63.9,0,0.485,0,,Medium,12.075883423289774,90.79996391557069
2026-01-29,Hyderabad,146.9,2,31400,1.6,82.6,26.9,83.9,1,0.355,0,,Medium,21.97451585249435,82.53154852760372
2026-01-03,Hyderabad,141.2,1,5389,96.7,24.1,32.6,79.5,4,0.582,0,,Medium,21.817676892963632,79.50005677770893
2026-01-25,Hyderabad,26.3,2,24477,80.9,74.2,34.4,57.4,2,0.412,0,,Medium,14.261697469812477,86.12134888860297
2026-01-06,Hyderabad,114.3,3,26515,62.8,39.8,27.4,50.3,4,0.563,0,,Medium,18.29138651141756,95.1148385233242
2026-01-18,Hyderabad,86.1,4,21402,40.5,25.5,36.8,55.7,4,0.733,1,Typhoid,High,17.53602603533279,96.47943657346292
2026-01-25,Hyderabad,157.0,3,20166,78.5,68.1,39.9,57.9,1,0.604,0,,High,9.68756366709555,83.04232883703726
2026-01-26,Hyderabad,35.9,2,19256,11.3,52.3,36.1,78.8,2,0.296,0,,Low,14.606906578965985,73.9546552224972
2026-01-13,Hyderabad,96.6,2,33890,28.7,72.5,39.5,73.2,4,0.379,0,,Medium,15.43226975768334,70.66994259639179
2026-02-01,Hyderabad,119.8,4,39510,9.2,64.3,34.6,78.7,2,0.502,0,,Medium,24.80140096880633,84.92315205241974
2026-01-17,Hyderabad,105.2,3,20438,59.8,89.3,39.2,45.8,2,0.462,0,,Medium,8.167053230597194,90.39672943979494
2026-01-24,Hyderabad,125.0,1,5082,5.0,70.2,30.8,91.5,0,0.363,0,,Medium,28.995040166610668,73.46767756672828
2026-01-24,Hyderabad,134.5,1,34038,49.8,79.4,29.9,89.0,3,0.413,0,,Medium,18.95962450076903,96.89160630922144
2026-01-13,Hyderabad,45.8,3,29944,63.8,39.4,35.7,45.0,4,0.496,0,,Medium,8.34363885028363,75.20291155072421
2026-01-03,Hyderabad,42.9,5,22568,7.7,92.9,30.3,63.4,2,0.409,0,,Medium,31.78726775441968,92.31626318144772
2026-01-19,Hyderabad,161.0,3,5869,49.4,42.7,36.8,61.9,0,0.732,1,Diarrhea,High,15.287393523093073,90.351533396261
2026-01-09,Hyderabad,85.5,5,31293,58.4,63.1,29.0,60.3,4,0.629,0,,High,27.68433362512764,79.92884452847517
2026-01-11,Hyderabad,174.7,3,10668,70.5,54.2,31.6,75.7,3,0.631,0,,High,27.62744285239269,85.36651660230373
2026-01-27,Hyderabad,40.2,5,40842,47.0,22.3,28.2,55.5,1,0.621,0,,High,11.987306563533958,72.65341581386556
2026-02-01,Hyderabad,14.1,2,20954,94.3,79.7,35.8,85.5,2,0.449,0,,Medium,15.745171883061724,75.24875144553101
2026-01-23,Hyderabad,103.0,1,7591,35.7,48.3,37.4,83.4,4,0.361,0,,Medium,17.33800442249219,75.87346387127417
2026-01-23,Hyderabad,46.4,1,5661,10.3,51.4,33.3,67.7,0,0.218,0,,Low,30.10941367557428,77.99866118210676
2026-01-10,Hyderabad,92.4,1,28199,1.3,43.7,31.9,62.6,3,0.352,0,,Medium,18.740214803309083,89.47815831793675
2026-01-19,Hyderabad,172.6,5,46680,73.2,61.2,27.4,44.6,2,0.755,1,Diarrhea,High,11.037384777194134,86.40453843813404
2026-01-03,Hyderabad,116.4,2,36870,51.9,68.6,28.7,43.2,2,0.436,0,,Medium,31.99657006783638,85.872714091846
2026-01-14,Hyderabad,111.4,1,13640,42.9,63.3,35.4,78.6,4,0.366,0,,Medium,21.66713137748222,84.68687223129831
2026-01-16,Hyderabad,4.4,5,11160,69.7,59.7,39.0,64.2,4,0.564,0,,Medium,24.97244312694601,90.41661491786202
2026-01-07,Hyderabad,190.3,1,45142,1.8,83.4,26.0,66.1,4,0.331,0,,Medium,14.331809588067877,68.28938452309504
2026-01-04,Ahmedabad,144.7,1,11773,46.5,89.9,28.1,47.0,0,0.335,0,,Medium,12.586054910085863,92.79424656728276
2026-01-25,Ahmedabad,176.5,3,46153,1.3,52.8,34.7,40.9,3,0.601,0,,High,32.20164530126897,69.93037710951246
2026-01-14,Ahmedabad,129.7,5,38402,45.0,61.1,39.8,52.7,1,0.642,0,,High,9.750087803326643,89.14780754449565
2026-01-16,Ahmedabad,121.7,4,13026,46.4,77.8,34.9,79.0,2,0.551,0,,Medium,17.331028909480846,86.32767173148949
2026-01-30,Ahmedabad,19.1,1,40622,58.1,54.1,33.2,68.7,1,0.342,0,,Medium,24.778936834492217,85.99373976650715
2026-01-07,Ahmedabad,148.5,4,15966,19.5,91.2,36.2,90.0,2,0.504,0,,Medium,30.228198098500247,84.78539588084627
2026-01-20,Ahmedabad,126.5,2,21999,30.7,53.2,35.7,61.2,2,0.545,0,,Medium,13.372815925909896,80.32067444317452
2026-01-03,Ahmedabad,181.6,4,38625,74.6,64.6,33.8,47.4,1,0.695,1,Cholera,High,25.30897306152645,75.65779755611784
2026-01-26,Ahmedabad,187.8,5,5922,32.5,41.6,27.9,78.2,3,0.691,1,Typhoid,High,27.41976208518068,91.82779005589136
2026-01-30,Ahmedabad,92.3,4,8748,77.4,79.8,27.3,51.9,4,0.564,0,,Medium,28.60817229698173,86.27115647591948
2026-01-31,Ahmedabad,171.6,1,17391,89.8,91.0,29.9,89.6,4,0.516,0,,Medium,26.70011840928509,91.5686949768988
2026-01-18,Ahmedabad,141.4,3,32081,99.9,46.1,36.2,84.4,2,0.713,1,Diarrhea,High,15.60075681119999,77.22502896020069
2026-01-19,Ahmedabad,192.2,3,11644,36.0,82.7,33.5,57.2,2,0.653,1,Diarrhea,High,30.91508254106028,88.47859656145258
2026-01-14,Ahmedabad,61.8,3,15776,0.5,95.1,31.2,62.1,3,0.273,0,,Low,19.057345136278386,88.5145130009549
2026-01-12,Ahmedabad,77.8,4,8262,56.9,89.5,30.7,60.4,2,0.492,0,,Medium,32.52794769669839,86.83575896151598
2026-01-12,Ahmedabad,160.9,4,24610,94.0,60.3,39.2,85.8,1,0.979,1,Diarrhea,Critical,23.791087877072293,69.57733170714702
2026-01-15,Ahmedabad,128.9,1,44104,64.9,42.0,27.3,75.0,3,0.646,0,,High,24.694014790078825,92.28364531333438
2026-01-30,Ahmedabad,33.9,4,39087,68.5,22.0,27.6,64.9,3,0.614,0,,High,23.97580397287302,95.65251783769376
2026-01-11,Ahmedabad,176.3,2,29519,57.3,42.2,38.8,72.1,3,0.57,0,,Medium,25.566005146455723,69.9293006381148
2026-01-09,Ahmedabad,46.2,1,23950,60.7,90.5,38.2,76.2,4,0.312,0,,Medium,12.916339623823967,89.38535648734964
2026-01-12,Ahmedabad,57.3,1,44542,99.7,22.4,38.5,74.2,0,0.542,0,,Medium,9.559851714956933,77.72309245227058
2026-01-07,Ahmedabad,13.4,4,39314,81.7,88.2,39.1,44.7,1,0.659,1,Hepatitis A,High,13.734144425941809,81.60410912037977
2026-01-25,Ahmedabad,53.7,2,31616,7.5,55.1,32.9,94.2,3,0.427,0,,Medium,13.181824476691691,86.28684730590967
2026-01-15,Ahmedabad,43.9,4,9131,82.7,49.2,30.3,56.6,4,0.754,1,Hepatitis A,High,16.56612866306304,93.07510873388604
2026-01-05,Ahmedabad,31.0,2,39057,82.9,76.5,34.3,48.6,2,0.551,0,,Medium,20.19585796360031,70.3858974040348
2026-01-25,Ahmedabad,91.9,2,10208,82.2,24.6,31.3,65.2,1,0.549,0,,Medium,24.60504282679464,73.77813267784111
2026-01-21,Ahmedabad,9.0,5,19031,98.9,91.2,30.6,50.7,0,0.589,0,,Medium,25.17597876456201,87.08439495772652
2026-01-16,Ahmedabad,23.4,2,40303,12.3,75.9,31.2,68.3,4,0.261,0,,Low,12.387290684533934,84.46409222000058
2026-01-09,Ahmedabad,115.9,2,48852,87.0,52.2,39.6,91.3,2,0.79,1,Typhoid,High,12.631758884583093,76.08064883033606
2026-01-30,Ahmedabad,43.7,5,23678,40.7,92.3,34.1,71.7,0,0.502,0,,Medium,31.47237400103188,93.92557094636186
2026-01-26,Ahmedabad,67.5,3,31910,84.5,83.7,27.6,77.0,4,0.537,0,,Medium,22.723326873639103,89.79860898866465
2026-01-07,Ahmedabad,124.7,2,8968,79.3,70.2,36.3,48.4,4,0.634,0,,High,13.927117712933502,95.50658535332764
2026-01-31,Ahmedabad,188.9,3,10592,23.8,92.7,32.0,65.6,4,0.599,0,,Medium,27.010607792061798,82.8747427784682
2026-01-25,Ahmedabad,140.8,5,35676,76.9,51.8,37.4,49.4,4,0.963,1,Cholera,Critical,13.668529610173614,87.43094359641944
2026-02-01,Ahmedabad,93.7,4,36027,50.1,24.0,25.5,70.3,0,0.627,0,,High,27.900185060682084,89.85828804241213
2026-01-25,Ahmedabad,43.1,4,20549,72.5,28.9,34.1,55.5,3,0.594,0,,Medium,12.996031782048489,69.61022595146537
2026-01-20,Ahmedabad,113.7,1,14783,21.1,64.5,37.8,85.9,1,0.32,0,,Medium,28.671464024318823,83.21733349218154
2026-01-27,Ahmedabad,155.0,3,39642,41.9,43.4,30.0,56.2,3,0.565,0,,Medium,24.962499207315947,77.20894130747007
2026-01-24,Ahmedabad,169.6,5,34964,88.5,79.1,29.2,55.5,3,0.763,1,Cholera,High,16.67214940910964,80.63369892323878
2026-01-25,Ahmedabad,158.9,4,17497,34.0,26.3,31.6,54.4,0,0.614,0,,High,31.47491055214944,81.13159771211659
2026-01-30,Ahmedabad,39.7,3,15988,9.2,33.0,33.9,48.3,0,0.353,0,,Medium,14.166465395135162,81.65784732060727
2026-01-16,Ahmedabad,132.4,2,26698,64.8,41.8,27.7,56.2,1,0.527,0,,Medium,8.171949055491233,74.16097103866872
2026-01-31,Ahmedabad,132.7,2,25566,71.7,88.5,30.4,81.7,0,0.499,0,,Medium,12.61581143368423,77.92112100504423
2026-01-13,Ahmedabad,86.0,1,43652,82.2,33.9,32.3,46.4,1,0.625,0,,High,26.34707827006353,86.33490637516798
2026-01-05,Ahmedabad,116.7,2,6987,54.7,92.2,30.2,80.3,2,0.415,0,,Medium,29.825484850742903,83.1711476002178
2026-01-12,Ahmedabad,139.9,2,25671,56.1,95.4,26.2,54.0,4,0.558,0,,Medium,19.599542454172184,71.44256376976423
2026-01-21,Ahmedabad,196.1,5,7866,22.6,91.7,36.8,78.5,2,0.602,0,,High,29.82772106910569,90.89527665429752
2026-01-10,Ahmedabad,149.6,5,36417,24.6,53.9,36.9,41.7,4,0.791,1,Typhoid,High,10.892532954507557,68.79025034657364
2026-01-20,Ahmedabad,104.7,5,25884,61.4,40.2,33.7,59.8,0,0.889,1,Diarrhea,Critical,27.84823464649912,72.59081310306281
2026-01-04,Ahmedabad,10.4,2,11509,15.6,86.8,30.4,90.2,4,0.233,0,,Low,17.615276899469205,81.31459667531375
2026-01-27,Pune,60.7,3,27553,1.7,74.3,26.1,63.1,4,0.319,0,,Medium,12.030470299378065,87.03587850151905
2026-01-18,Pune,194.2,1,12566,92.8,87.6,28.4,53.2,2,0.511,0,,Medium,24.544443311790964,70.22728840111823
2026-01-15,Pune,70.9,4,27908,68.1,95.2,25.7,57.6,0,0.521,0,,Medium,10.646857955328231,78.29203282111007
2026-01-17,Pune,82.6,2,38575,53.8,42.2,28.3,55.8,2,0.599,0,,Medium,9.047880417906438,80.15630340116152
2026-01-09,Pune,33.6,5,19536,71.0,27.7,29.8,93.3,4,0.682,1,Diarrhea,High,19.61532922022427,79.00888616909843
2026-01-03,Pune,63.3,3,21806,9.1,45.2,25.6,83.0,3,0.398,0,,Medium,11.660906415070404,92.15496175165262
2026-01-07,Pune,108.1,2,43505,23.7,28.6,36.5,67.5,1,0.582,0,,Medium,20.85238606378149,76.94558016319503
2026-01-28,Pune,114.6,3,26438,55.9,86.3,35.7,78.3,3,0.656,1,Diarrhea,High,29.42979142648972,91.79237778751158
2026-01-19,Pune,88.1,1,18704,40.0,82.7,29.0,94.5,3,0.426,0,,Medium,25.201138926853226,71.49123978488358
2026-01-09,Pune,187.7,2,17317,62.3,37.8,29.6,70.1,0,0.763,1,Cholera,High,18.453619704069997,89.96120636998953
2026-01-23,Pune,179.6,1,16618,69.0,47.2,37.1,42.9,3,0.491,0,,Medium,13.845320827326605,68.68752485569104
2026-01-14,Pune,167.0,5,30553,30.5,41.2,29.2,55.3,2,0.867,1,Cholera,Critical,17.822377722329477,68.83092039975197
2026-01-31,Pune,116.7,1,47316,78.7,44.5,25.6,72.4,3,0.516,0,,Medium,9.547142542011882,83.52567029426788
2026-01-28,Pune,113.2,4,25855,42.6,86.6,37.1,52.3,3,0.506,0,,Medium,10.247906121492557,73.60423304179088
2026-01-18,Pune,10.1,4,39172,28.7,42.4,30.0,76.5,4,0.471,0,,Medium,17.864307882973094,83.36827702097676
2026-01-17,Pune,32.3,2,19616,20.9,43.7,38.7,70.1,3,0.321,0,,Medium,12.28237394554176,91.99334008995822
2026-01-29,Pune,117.0,3,40349,69.7,35.5,34.6,54.3,3,0.608,0,,High,11.052787898107198,71.22297727262836
2026-01-22,Pune,129.6,4,23257,67.2,86.1,35.1,85.3,4,0.799,1,Typhoid,High,17.011862628538847,87.46685393164483
2026-01-04,Pune,54.1,2,46449,3.0,55.6,32.6,46.5,2,0.284,0,,Low,23.94754686382404,96.57006209762956
2026-01-09,Pune,153.6,3,21527,41.1,54.2,30.0,71.0,4,0.543,0,,Medium,28.581830317000755,84.12953008627034
2026-01-12,Pune,155.9,2,12135,52.4,40.3,32.1,67.1,0,0.518,0,,Medium,27.13408409645102,75.33776388668734
2026-01-16,Pune,173.1,4,45130,6.1,43.0,26.4,93.0,3,0.779,1,Diarrhea,High,31.598207086911447,90.2090421378124
2026-01-18,Pune,1.1,4,46804,27.6,81.5,28.4,78.1,0,0.41,0,,Medium,9.498582521532708,71.79823854683104
2026-01-21,Pune,121.2,4,49632,70.1,29.1,40.0,50.1,1,0.69,1,Cholera,High,8.696097689435335,86.05923618649217
2026-01-19,Pune,161.4,4,18210,48.3,82.2,35.1,79.8,1,0.594,0,,Medium,17.947104388925574,91.37338812515992
2026-01-21,Pune,118.4,4,29209,56.4,60.0,26.0,44.9,1,0.581,0,,Medium,11.767187175020844,92.69623525982234
2026-01-06,Pune,198.3,5,12697,90.0,83.4,35.1,77.4,2,1.025,1,Cholera,Critical,10.041681896502409,94.80432505304518
2026-01-18,Pune,65.2,3,12148,59.3,21.3,35.9,57.8,4,0.527,0,,Medium,10.360472441512025,92.11403166025448
2026-01-30,Pune,183.7,2,7253,31.8,91.5,34.7,55.9,2,0.522,0,,Medium,16.914904399655143,75.37995861692954
2026-01-05,Pune,2.6,5,45542,95.8,65.3,32.7,44.7,1,0.634,0,,High,13.643193095978186,79.30709264244133
2026-01-13,Pune,96.0,4,19389,9.7,34.2,39.8,64.4,1,0.637,0,,High,22.56786123361704,91.56174081028098
2026-01-30,Pune,65.4,1,7994,40.3,73.8,35.2,57.3,0,0.271,0,,Low,24.665427121984308,71.46729793480964
2026-01-08,Pune,114.5,4,11828,75.3,89.8,32.5,80.2,2,0.777,1,Hepatitis A,High,15.113534641923344,80.84797748379097
2026-01-24,Pune,123.4,3,30625,19.6,30.0,39.5,45.9,2,0.623,0,,High,10.15080392582358,69.65378050610497
2026-01-27,Pune,21.1,4,20882,47.4,25.3,25.7,56.3,1,0.516,0,,Medium,14.307798176742178,76.92535625350132
2026-01-29,Pune,122.7,1,38030,97.7,63.6,27.0,89.1,2,0.549,0,,Medium,12.748403411439025,88.35040994244045
2026-01-11,Pune,111.3,3,30868,94.2,62.4,36.0,90.8,0,0.65,0,,High,16.283805468407927,87.59422416400511
2026-01-18,Pune,79.2,1,32052,67.6,44.6,30.6,70.3,1,0.434,0,,Medium,16.640624839410037,91.6573127344181
2026-01-18,Pune,93.3,1,18007,50.6,33.0,34.9,94.9,3,0.433,0,,Medium,19.30216492028415,96.58835430465597
2026-01-11,Pune,0.0,3,16350,66.0,55.4,34.7,43.4,0,0.417,0,,Medium,11.3838858743321,73.73153739714277
2026-01-31,Pune,36.1,1,40328,60.2,66.5,31.0,58.6,3,0.336,0,,Medium,8.952157514982982,85.97908838135076
2026-01-06,Pune,139.6,4,33412,55.2,67.6,38.1,71.7,2,0.805,1,Hepatitis A,Critical,24.95979713757533,85.19035728523536
2026-01-17,Pune,29.7,4,35979,29.6,31.5,27.3,63.8,4,0.642,0,,High,15.978087245511563,81.62754578897426
2026-01-07,Pune,100.5,3,33926,79.1,93.3,30.4,56.9,4,0.682,1,Typhoid,High,32.273506240115466,73.13745217345614
2026-01-11,Pune,144.4,3,7080,51.6,66.5,39.0,77.0,1,0.533,0,,Medium,23.44828899615745,77.91357127944467
2026-01-30,Pune,174.8,4,27195,81.4,42.4,27.0,64.2,4,0.967,1,Typhoid,Critical,12.732091147900237,81.32061178321574
2026-01-04,Pune,150.4,2,18009,44.3,23.9,37.3,85.4,3,0.541,0,,Medium,9.702725618088063,74.32705555820492
2026-01-14,Pune,187.1,2,33557,78.4,67.9,31.2,92.7,3,0.62,0,,High,23.64126973568191,84.57662183500537
2026-01-06,Pune,37.0,5,17070,60.4,81.1,32.9,52.5,1,0.697,1,Cholera,High,12.084168959960504,73.34931248073661
2026-01-29,Pune,40.5,3,14095,5.1,51.8,32.7,66.6,1,0.431,0,,Medium,8.183353770904507,68.74847239303227
2026-01-16,Jaipur,110.7,5,11470,99.5,36.1,28.9,46.2,1,0.992,1,Hepatitis A,Critical,24.1393045356857,69.3219695805114
2026-01-10,Jaipur,189.2,1,35063,7.7,33.6,26.9,46.8,0,0.507,0,,Medium,32.73763333460806,87.845113218835
2026-01-18,Jaipur,189.8,2,43328,92.8,27.3,29.3,77.0,3,0.714,1,Diarrhea,High,18.34196697463151,86.93621473533024
2026-01-13,Jaipur,115.9,4,19287,17.7,27.9,39.4,73.0,4,0.713,1,Cholera,High,12.475790936039594,91.12790731359809
2026-01-26,Jaipur,135.5,5,39552,47.5,93.8,26.1,55.4,2,0.609,0,,High,14.016762868928826,93.35491268997534
2026-01-10,Jaipur,166.1,4,45437,49.0,70.5,36.1,73.7,2,0.64,0,,High,14.816266182812118,89.21530146727288
2026-01-27,Jaipur,74.4,4,18921,80.4,89.3,25.9,78.1,2,0.576,0,,Medium,18.068487118670767,83.06873859828721
2026-01-08,Jaipur,199.3,4,41854,67.5,51.7,27.0,48.7,4,0.719,1,Cholera,High,18.227128715871903,78.27693830659793
2026-01-10,Jaipur,60.6,3,24680,70.1,67.1,39.1,59.2,4,0.494,0,,Medium,15.875262679585616,74.51347076217166
2026-01-12,Jaipur,13.8,3,34320,35.5,82.4,33.5,54.4,4,0.343,0,,Medium,26.375629654745584,85.6931297390508
2026-01-22,Jaipur,97.6,4,35232,26.1,53.5,34.0,68.3,1,0.681,1,Typhoid,High,15.140649714056078,89.30364072060551
2026-01-20,Jaipur,4.8,2,47224,94.1,34.0,32.1,45.0,3,0.494,0,,Medium,14.340319271492708,86.62050871321958
2026-01-14,Jaipur,55.1,1,9818,86.2,66.2,38.4,72.8,0,0.404,0,,Medium,14.393592538707509,77.49520780326999
2026-01-17,Jaipur,32.9,4,39836,79.1,50.8,31.5,72.7,1,0.786,1,Cholera,High,12.433163830598485,88.9690774454404
2026-01-24,Jaipur,154.5,1,35734,21.4,42.7,31.0,84.7,3,0.414,0,,Medium,15.720056883740384,76.51250898130115
2026-01-29,Jaipur,53.2,3,22006,55.7,76.6,34.9,84.4,1,0.459,0,,Medium,32.923735435291746,88.88456636699726
2026-01-20,Jaipur,57.4,3,43498,4.9,38.5,38.5,54.1,4,0.5,0,,Medium,13.236394237737777,80.07162063994932
2026-01-19,Jaipur,71.3,4,22174,75.8,80.8,29.7,62.6,4,0.562,0,,Medium,17.348678361976688,93.7023582772158
2026-01-27,Jaipur,30.3,2,35329,32.9,24.4,27.7,93.1,3,0.542,0,,Medium,17.174035175180013,72.269585157905
2026-01-08,Jaipur,41.3,4,39158,74.5,38.6,31.1,54.8,0,0.601,0,,High,16.09327064026059,90.19062117887736
2026-01-17,Jaipur,28.6,3,26493,95.6,50.1,30.1,43.4,2,0.699,1,Hepatitis A,High,28.2206580872921,93.389170861481
2026-01-16,Jaipur,60.5,5,22297,87.1,82.8,29.1,90.2,4,0.667,1,Diarrhea,High,24.733924606018707,74.7071179211627
2026-01-13,Jaipur,48.7,2,26045,6.4,34.2,25.1,64.5,2,0.316,0,,Medium,15.236022374205206,90.71324818504368
2026-02-01,Jaipur,160.6,5,25213,70.5,79.4,35.2,53.9,4,0.906,1,Diarrhea,Critical,19.886892880818344,92.6238425788016
2026-01-16,Jaipur,76.7,1,39980,82.1,74.1,34.5,62.1,0,0.423,0,,Medium,19.522458455164543,92.03256053072218
2026-01-10,Jaipur,165.9,4,34086,93.4,52.2,32.0,78.8,0,0.772,1,Hepatitis A,High,23.30021324898638,76.88272890973859
2026-01-25,Jaipur,65.2,3,26452,67.9,70.5,29.1,53.7,0,0.63,0,,High,17.828044955176978,72.03836805275641
2026-01-04,Jaipur,2.1,1,28649,22.2,24.5,28.8,69.0,1,0.268,0,,Low,8.83169927923396,71.53475439343585
2026-01-11,Jaipur,83.2,3,42203,25.0,25.9,34.9,72.7,4,0.497,0,,Medium,12.892816002491228,91.7873462494018
2026-01-16,Jaipur,129.7,1,11054,13.7,42.1,25.7,91.2,1,0.353,0,,Medium,32.89336130128308,80.62260611004007
2026-01-11,Jaipur,184.1,3,29426,5.5,36.3,31.3,52.1,3,0.5,0,,Medium,26.55730578717368,72.86662327373483
2026-01-22,Jaipur,24.1,1,16523,72.4,94.3,31.5,46.6,4,0.277,0,,Low,26.60071450869192,88.61902789654452
2026-01-11,Jaipur,46.9,4,9567,91.8,28.6,28.5,81.3,0,0.662,1,Typhoid,High,16.531111243943016,80.88131879947264
2026-01-09,Jaipur,135.1,2,42729,87.7,81.9,35.1,41.7,1,0.687,1,Diarrhea,High,16.01811311149894,84.3104518494197
2026-01-21,Jaipur,55.9,2,40289,53.8,99.4,37.9,45.4,0,0.441,0,,Medium,31.851056626952143,71.53450555166012
2026-01-08,Jaipur,3.7,4,9631,82.8,20.0,29.6,53.3,2,0.581,0,,Medium,15.284026820943613,80.10444868754529
2026-01-27,Jaipur,75.4,3,18854,90.5,59.4,30.0,45.9,1,0.718,1,Cholera,High,16.01003215350537,72.76431845489986
2026-01-27,Jaipur,156.6,3,23300,63.5,29.9,26.1,90.0,0,0.659,1,Cholera,High,9.94641299021924,95.70799755170395
2026-01-22,Jaipur,49.4,5,20323,13.9,55.2,32.2,51.7,0,0.473,0,,Medium,8.359530899603824,91.286457737964
2026-01-04,Jaipur,196.2,5,18327,28.4,43.1,30.7,61.6,2,0.682,1,Typhoid,High,19.18002580541095,92.06481667680126
2026-01-10,Jaipur,130.9,1,22285,64.6,32.5,33.2,44.8,4,0.599,0,,Medium,14.849702486749296,95.7138345507282
2026-01-07,Jaipur,190.7,2,40908,73.5,76.0,37.8,46.4,4,0.56,0,,Medium,10.7170634843673,96.45646974434705
2026-01-15,Jaipur,76.3,5,28110,34.3,70.2,27.9,48.0,2,0.533,0,,Medium,31.10182472114208,91.78939855626882
2026-01-16,Jaipur,112.4,4,35435,63.6,48.5,27.2,72.8,4,0.644,0,,High,18.649937986710704,96.06454192017776
2026-01-06,Jaipur,131.6,3,38434,64.3,68.1,35.4,59.9,3,0.733,1,Typhoid,High,28.02346803853576,73.22460078424596
2026-01-28,Jaipur,22.0,5,5992,34.3,74.7,25.4,78.0,2,0.623,0,,High,17.00985100135278,70.52506496174193
2026-01-16,Jaipur,40.4,1,14533,9.0,92.9,25.1,66.6,0,0.155,0,,Low,12.042363831849672,96.00913727183163
2026-01-28,Jaipur,41.2,3,40089,24.0,55.5,29.2,44.5,1,0.491,0,,Medium,22.98432482179966,73.83664985589971
2026-01-06,Jaipur,178.0,5,27634,33.9,96.2,36.1,72.9,3,0.805,1,Diarrhea,Critical,19.625908355522743,74.58237764467411
2026-01-23,Jaipur,148.8,4,43367,48.7,75.3,28.9,74.3,4,0.797,1,Cholera,High,21.83896331655895,76.67772812473075
2026-01-04,Lucknow,86.2,3,25085,43.4,87.9,30.4,83.7,3,0.447,0,,Medium,26.620626888247827,80.93271080767096
2026-01-07,Lucknow,4.0,2,32718,58.3,57.1,34.3,66.4,0,0.489,0,,Medium,13.101609713665017,76.46542403143641
2026-01-07,Lucknow,149.7,5,39305,38.0,28.5,33.0,61.8,3,0.703,1,Hepatitis A,High,21.126233506134614,88.51108844526435
2026-01-20,Lucknow,50.4,2,32369,66.7,60.9,31.4,43.0,0,0.414,0,,Medium,24.582767737600047,92.33389126518874
2026-01-14,Lucknow,110.1,4,31111,85.7,95.1,32.4,78.5,3,0.629,0,,High,16.541027817265046,86.80547215010688
2026-01-06,Lucknow,13.7,4,24506,11.9,46.2,37.2,72.9,2,0.409,0,,Medium,29.28514369728685,70.44366661851969
2026-01-04,Lucknow,71.2,5,41132,18.2,54.4,27.5,78.9,0,0.555,0,,Medium,15.16184344361459,83.02423779072927
2026-01-21,Lucknow,149.6,1,49557,56.0,88.6,35.0,63.9,1,0.42,0,,Medium,10.317870270256748,83.43446337082962
2026-01-29,Lucknow,164.3,1,35825,12.1,44.2,33.0,71.0,4,0.385,0,,Medium,22.567153663864573,71.59911366369954
2026-01-25,Lucknow,24.3,2,32518,59.2,35.4,35.0,74.3,3,0.438,0,,Medium,14.990907962330157,71.95473949655941
2026-01-21,Lucknow,145.6,5,18749,80.5,34.9,26.3,64.0,1,1.011,1,Cholera,Critical,16.675058385305,95.05316301367236
2026-01-07,Lucknow,184.5,1,23987,32.8,79.0,25.6,66.1,1,0.388,0,,Medium,9.241537286492973,86.08205666005048
2026-01-09,Lucknow,12.6,3,35077,8.5,97.8,32.8,73.8,0,0.271,0,,Low,26.75383073578781,81.24771633212792
2026-01-31,Lucknow,169.1,2,49825,19.5,60.4,36.5,43.4,0,0.563,0,,Medium,18.0576760345593,80.32365205281049
2026-01-15,Lucknow,76.6,1,25914,84.4,41.0,31.3,42.2,1,0.444,0,,Medium,16.31066730435913,77.15046223923093
2026-01-20,Lucknow,21.3,4,20577,23.1,52.3,39.9,87.8,3,0.447,0,,Medium,25.521642431097,76.27096827773201
2026-01-15,Lucknow,126.2,5,26271,29.0,36.1,29.0,49.3,1,0.806,1,Hepatitis A,Critical,30.820020010196544,85.70052722672655
2026-01-21,Lucknow,109.3,5,8326,31.7,37.6,32.7,45.6,3,0.586,0,,Medium,32.09212971717623,78.9325988513184
2026-01-18,Lucknow,120.6,2,46213,1.1,51.5,37.8,59.0,3,0.364,0,,Medium,29.995943698536696,86.81180564736357
2026-01-18,Lucknow,179.8,5,6798,27.2,45.3,37.7,66.2,3,0.653,1,Diarrhea,High,12.601119301255338,89.93708155167845
2026-01-25,Lucknow,94.8,3,44148,69.6,95.5,39.9,64.8,0,0.509,0,,Medium,13.150141963800998,95.6107738979348
2026-02-01,Lucknow,68.4,4,35297,83.9,84.7,29.8,40.5,4,0.564,0,,Medium,10.167664189891006,83.61252996092966
2026-01-22,Lucknow,182.6,4,24049,83.0,30.7,39.0,81.3,4,0.787,1,Typhoid,High,31.454529313118066,75.99143651296617
2026-01-11,Lucknow,66.4,1,28205,76.5,94.4,28.1,83.9,4,0.378,0,,Medium,15.069136426502464,76.83022230626688
2026-01-15,Lucknow,196.6,2,32586,4.7,47.1,31.1,53.1,0,0.436,0,,Medium,26.521731709630444,83.73462648201271
2026-01-13,Lucknow,130.7,2,32675,75.6,51.5,34.1,64.5,1,0.552,0,,Medium,15.498234936826655,81.75495128118447
2026-01-27,Lucknow,33.6,2,45870,11.8,96.3,38.0,71.7,1,0.249,0,,Low,27.89150576653605,70.24700623997919
2026-01-10,Lucknow,56.5,4,46950,50.5,20.6,35.4,76.4,2,0.613,0,,High,30.748253953992965,88.80059440010693
2026-01-15,Lucknow,116.4,5,8491,86.4,56.6,32.1,61.2,2,0.717,1,Typhoid,High,29.573990582825463,81.93623828425177
2026-01-17,Lucknow,13.8,5,49980,41.7,90.2,28.1,85.5,3,0.674,1,Hepatitis A,High,20.81538110258,76.4354287727159
2026-01-21,Lucknow,93.9,5,18779,65.1,69.2,27.6,68.2,3,0.64,0,,High,13.6870400923385,72.81936498868272
2026-01-23,Lucknow,66.5,2,33902,82.1,20.6,31.9,58.1,4,0.545,0,,Medium,25.74178358761311,96.5276359130654
2026-01-03,Lucknow,10.0,1,6168,72.0,42.5,27.8,42.2,4,0.422,0,,Medium,19.69301539927877,85.57100764020501
2026-01-21,Lucknow,85.7,3,44132,78.4,20.8,36.4,89.1,2,0.659,1,Typhoid,High,17.73021546558597,93.73531152574044
2026-01-08,Lucknow,178.8,2,8443,48.7,95.6,25.9,91.2,3,0.469,0,,Medium,31.97179682976025,72.14161482971315
2026-01-30,Lucknow,116.0,1,25756,27.9,52.4,40.0,43.0,2,0.424,0,,Medium,26.250043027021537,78.37488813551771
2026-01-10,Lucknow,12.8,4,27486,31.6,27.0,29.5,93.2,2,0.662,1,Cholera,High,27.85455863292959,86.1312676259117
2026-01-28,Lucknow,187.5,2,38342,96.1,63.0,25.2,54.2,3,0.638,0,,High,32.8855378231364,76.33782478212902
2026-01-04,Lucknow,107.6,1,12837,88.3,27.8,25.8,47.1,3,0.497,0,,Medium,13.681526338991556,83.76982504136066
2026-02-01,Lucknow,139.0,2,33362,9.1,73.4,27.0,86.9,2,0.499,0,,Medium,16.673973759439647,80.52240575812554
2026-01-23,Lucknow,156.4,4,41160,79.4,66.1,30.1,84.5,4,0.935,1,Cholera,Critical,14.521231149052223,68.26352401358527
2026-01-21,Lucknow,129.7,4,21378,51.3,87.6,26.2,78.9,0,0.564,0,,Medium,19.25274646712574,94.848993858862
2026-01-28,Lucknow,132.0,4,36213,9.2,56.6,30.9,87.7,2,0.532,0,,Medium,20.8488861672677,88.01357041277822
2026-01-29,Lucknow,167.5,1,42679,88.9,32.9,27.6,54.7,3,0.764,1,Diarrhea,High,28.54381042463476,72.03010076471212
2026-01-07,Lucknow,149.5,4,36169,94.9,76.9,25.1,82.0,1,0.727,1,Hepatitis A,High,27.65829138487601,79.74813358304785
2026-01-31,Lucknow,0.5,3,33716,60.7,27.1,35.2,43.5,1,0.603,0,,High,29.04055018856935,68.88026036045713
2026-01-16,Lucknow,168.8,2,21892,31.0,95.0,35.2,46.5,3,0.385,0,,Medium,23.505871224028013,83.79923147300686
2026-01-29,Lucknow,25.1,1,48730,27.1,80.8,35.8,40.4,4,0.211,0,,Low,29.789647071560164,80.13202841731898
2026-01-19,Lucknow,88.9,5,16559,6.8,45.4,29.0,67.8,4,0.522,0,,Medium,8.314910031794675,86.69006678409723
2026-01-07,Lucknow,36.6,1,18107,6.1,76.1,25.1,62.5,3,0.168,0,,Low,19.10459869803761,71.97453128201651
